{
    "camera_matrix": [
        [
            884.9202751251051,
            0.0,
            797.3326895814895
        ],
        [
            0.0,
            884.8443962022465,
            590.4393801156965
        ],
        [
            0.0,
            0.0,
            1.0
        ]
    ],
    "distortion_coefficients": [
        [
            -0.12847289024405859,
            0.1079949640184933,
            -0.000764670173249848,
            0.0004116699644771188,
            0.0023151069375056533,
            0.168889696495412,
            0.0515245213892395,
            0.029271541722755288
        ]
    ],
    "serial_number": "412711"
}